{
    "keep": {
        "days": true,
        "amount": 365
    },
    "auditLog": "D:\\Repos\\laundrez-backend-v2-feature-new-earth-fix-vendor-apis\\logs\\.0be3866aa512163825342e1e78f88ff01785ee6e-audit.json",
    "files": [
        {
            "date": 1725548716384,
            "name": "D:\\Repos\\laundrez-backend-v2-feature-new-earth-fix-vendor-apis\\logs\\APP_LOGGER.2024-09-05.log",
            "hash": "9e6edd4ac7b5609a4abd1e8c9fba75cc1eaea71e2a1b924708534d2858ecc009"
        },
        {
            "date": 1725618813604,
            "name": "D:\\Repos\\laundrez-backend-v2-feature-new-earth-fix-vendor-apis\\logs\\APP_LOGGER.2024-09-06.log",
            "hash": "715b53c0400fb0e466261f81c7b93d5949daad3db7e8b1fbb5214121a9e00e7b"
        },
        {
            "date": 1725878260571,
            "name": "D:\\Repos\\laundrez-backend-v2-feature-new-earth-fix-vendor-apis\\logs\\APP_LOGGER.2024-09-09.log",
            "hash": "e70c6c44880c03db948187cdc6c53b0cb5e94279b2f8fc1aee39165c2260b697"
        },
        {
            "date": 1726142648978,
            "name": "D:\\Repos\\laundrez-backend-v2-feature-new-earth-fix-vendor-apis\\logs\\APP_LOGGER.2024-09-12.log",
            "hash": "62aa1076e3f989014b1e97d75c6ea00b79008d205049390fd04b04e7367697eb"
        },
        {
            "date": 1726223169847,
            "name": "D:\\Repos\\laundrez-backend-v2-feature-new-earth-fix-vendor-apis\\logs\\APP_LOGGER.2024-09-13.log",
            "hash": "5851139249734a3722dd6efddcbc3558d4b7350b753e387f0a738df341000b9b"
        }
    ],
    "hashType": "sha256"
}