{
    "keep": {
        "days": true,
        "amount": 365
    },
    "auditLog": "D:\\Repos\\laundrez-backend-v2-feature-new-earth-fix-vendor-apis\\logs\\.21c6e7941c0c1572d46bf7986b8fb512f31aa63d-audit.json",
    "files": [
        {
            "date": 1725548716391,
            "name": "D:\\Repos\\laundrez-backend-v2-feature-new-earth-fix-vendor-apis\\logs\\CONSUMER_LOGGER.2024-09-05.log",
            "hash": "4af6b75ef64e3679e3465ad2682958e274a8086cfde6e6f02f503ef8a5d3c170"
        },
        {
            "date": 1725618813612,
            "name": "D:\\Repos\\laundrez-backend-v2-feature-new-earth-fix-vendor-apis\\logs\\CONSUMER_LOGGER.2024-09-06.log",
            "hash": "30881dad9a8534800d032d7ae7465353fffbc9535e85e5a6797585e3023b6a2b"
        },
        {
            "date": 1725878260577,
            "name": "D:\\Repos\\laundrez-backend-v2-feature-new-earth-fix-vendor-apis\\logs\\CONSUMER_LOGGER.2024-09-09.log",
            "hash": "a05d9b9c054211070975e482d93bd3e4a99897dccc316dc4724fd3a2cabfac51"
        },
        {
            "date": 1726142648985,
            "name": "D:\\Repos\\laundrez-backend-v2-feature-new-earth-fix-vendor-apis\\logs\\CONSUMER_LOGGER.2024-09-12.log",
            "hash": "653cb2d99bfd162245ca01eca36e303aee822fcf48590d96b26979cabbd8c618"
        },
        {
            "date": 1726223169855,
            "name": "D:\\Repos\\laundrez-backend-v2-feature-new-earth-fix-vendor-apis\\logs\\CONSUMER_LOGGER.2024-09-13.log",
            "hash": "8e04d179fbb117e9fe9b23911de5b205a6d3c645b414d3068eacb11709bd4243"
        }
    ],
    "hashType": "sha256"
}