{
    "keep": {
        "days": true,
        "amount": 365
    },
    "auditLog": "D:\\Repos\\laundrez-backend-v2-feature-new-earth-fix-vendor-apis\\logs\\.3febe5a62566cb84853a3dfd79c31f6baa4dbd3d-audit.json",
    "files": [
        {
            "date": 1725548716387,
            "name": "D:\\Repos\\laundrez-backend-v2-feature-new-earth-fix-vendor-apis\\logs\\AUDIT_LOGGER.2024-09-05.log",
            "hash": "9d1ee15437916f836fc169d0de02703bbca26c701c843ea6f7c821988c28e9c1"
        },
        {
            "date": 1725618813606,
            "name": "D:\\Repos\\laundrez-backend-v2-feature-new-earth-fix-vendor-apis\\logs\\AUDIT_LOGGER.2024-09-06.log",
            "hash": "075596966aaecd92243194ced63bfd9f3145ac8f0f1610795204fee9a042652a"
        },
        {
            "date": 1725878260574,
            "name": "D:\\Repos\\laundrez-backend-v2-feature-new-earth-fix-vendor-apis\\logs\\AUDIT_LOGGER.2024-09-09.log",
            "hash": "a6d6acaf84a4e598b803da11ecedfe07abf91bb99237b7d0b7542f79eeb9256c"
        },
        {
            "date": 1726142648980,
            "name": "D:\\Repos\\laundrez-backend-v2-feature-new-earth-fix-vendor-apis\\logs\\AUDIT_LOGGER.2024-09-12.log",
            "hash": "51ef15ffec1460c7d71129fc79e56c7f0edd2906d991a325a05b8bfa2e7e78aa"
        },
        {
            "date": 1726223169850,
            "name": "D:\\Repos\\laundrez-backend-v2-feature-new-earth-fix-vendor-apis\\logs\\AUDIT_LOGGER.2024-09-13.log",
            "hash": "6113fb6b1f3823c6568ae5d2f355db6b7f6a8f8ccfa038dc7bf0b192acf28235"
        }
    ],
    "hashType": "sha256"
}