{
    "keep": {
        "days": true,
        "amount": 365
    },
    "auditLog": "D:\\Repos\\laundrez-backend-v2-feature-new-earth-fix-vendor-apis\\logs\\.5af9a9a34759397fb1044b504962d17f67b124fc-audit.json",
    "files": [
        {
            "date": 1725548716388,
            "name": "D:\\Repos\\laundrez-backend-v2-feature-new-earth-fix-vendor-apis\\logs\\SYSTEM_LOGGER.2024-09-05.log",
            "hash": "7d91945adf2601aaf7743ce6402241637148a9ffd9095f9fc8c0681f632a3e55"
        },
        {
            "date": 1725618813609,
            "name": "D:\\Repos\\laundrez-backend-v2-feature-new-earth-fix-vendor-apis\\logs\\SYSTEM_LOGGER.2024-09-06.log",
            "hash": "90013c8d38a2cf327d41f91284dd8121605ec0d0a236042bdd463cfc6d2ea80a"
        },
        {
            "date": 1725878260575,
            "name": "D:\\Repos\\laundrez-backend-v2-feature-new-earth-fix-vendor-apis\\logs\\SYSTEM_LOGGER.2024-09-09.log",
            "hash": "7de9ed8c58accdd2b0bc373c48e9dc97716dd9de754ad4470a1d98f7421524b8"
        },
        {
            "date": 1726142648983,
            "name": "D:\\Repos\\laundrez-backend-v2-feature-new-earth-fix-vendor-apis\\logs\\SYSTEM_LOGGER.2024-09-12.log",
            "hash": "0bc4ce595107746d76de113bee6dfea9dc8e8a7c2482a71e9515a7762faa9084"
        },
        {
            "date": 1726223169853,
            "name": "D:\\Repos\\laundrez-backend-v2-feature-new-earth-fix-vendor-apis\\logs\\SYSTEM_LOGGER.2024-09-13.log",
            "hash": "6e08a564ecb300d68d2dc2286e10f1161dcbb0b636d37cf825be8b2f462f9fa4"
        }
    ],
    "hashType": "sha256"
}