{
    "keep": {
        "days": true,
        "amount": 365
    },
    "auditLog": "D:\\Repos\\RoleManagementNode\\logs\\.6d5d46bbd594bf61e9bbfdad00c8e703cb8b9672-audit.json",
    "files": [
        {
            "date": 1726231889311,
            "name": "D:\\Repos\\RoleManagementNode\\logs\\AUDIT_LOGGER.2024-09-13.log",
            "hash": "018c899d3ecf13b686ee01818dc8297a159cd34afb7435712979c6f239c12a58"
        },
        {
            "date": 1726492247578,
            "name": "D:\\Repos\\RoleManagementNode\\logs\\AUDIT_LOGGER.2024-09-16.log",
            "hash": "d85dde93e2bafb0889df1d02993385efad01b1d80b5dd2c375d1b98361906e06"
        },
        {
            "date": 1726575107714,
            "name": "D:\\Repos\\RoleManagementNode\\logs\\AUDIT_LOGGER.2024-09-17.log",
            "hash": "c7aa2e96a944b2c233d77c112329e145ebab2e41646c90b262c7917eac764014"
        },
        {
            "date": 1726676774925,
            "name": "D:\\Repos\\RoleManagementNode\\logs\\AUDIT_LOGGER.2024-09-18.log",
            "hash": "d2ebab077f4425dd73b334b30aac06d0785ce6817cbb663d47602f096dca49c0"
        },
        {
            "date": 1726742388816,
            "name": "D:\\Repos\\RoleManagementNode\\logs\\AUDIT_LOGGER.2024-09-19.log",
            "hash": "e86c206932a2d2e5e5447fc8be175b2ccdd18f613436e041c3ccc1d39e098294"
        },
        {
            "date": 1726833668467,
            "name": "D:\\Repos\\RoleManagementNode\\logs\\AUDIT_LOGGER.2024-09-20.log",
            "hash": "a9fcbd4dc58a1f9787d6a902225e15c83812ff40a53fd3a3a13e0d0a27907454"
        }
    ],
    "hashType": "sha256"
}