{
    "keep": {
        "days": true,
        "amount": 365
    },
    "auditLog": "D:\\Repos\\RoleManagementNode\\logs\\.6fef60b202bff41970d4bda675feff7d71a5e8a1-audit.json",
    "files": [
        {
            "date": 1726231889308,
            "name": "D:\\Repos\\RoleManagementNode\\logs\\APP_LOGGER.2024-09-13.log",
            "hash": "c6824485ee719e572689fa28c129d0660b43547b2d35216155a3f4f5ac02be7c"
        },
        {
            "date": 1726489258296,
            "name": "D:\\Repos\\RoleManagementNode\\logs\\APP_LOGGER.2024-09-16.log",
            "hash": "858eb494c919ce639e49d7333d9181c9d07e5f68727b442a49b2abe4ef21ce4a"
        },
        {
            "date": 1726575107711,
            "name": "D:\\Repos\\RoleManagementNode\\logs\\APP_LOGGER.2024-09-17.log",
            "hash": "c63dbc068a28328c95bd04809253453e3aa9f1850edbf4683b0497a1cdcd6d3a"
        },
        {
            "date": 1726676774919,
            "name": "D:\\Repos\\RoleManagementNode\\logs\\APP_LOGGER.2024-09-18.log",
            "hash": "67923f8a0afdae0f308ac1b10b0840b578bfe6c6702b342e1561a719be9421a2"
        },
        {
            "date": 1726742388812,
            "name": "D:\\Repos\\RoleManagementNode\\logs\\APP_LOGGER.2024-09-19.log",
            "hash": "867d789bdbbc14a28321564efc82de9e4c081ddeef01da634052455392c04460"
        },
        {
            "date": 1726833668463,
            "name": "D:\\Repos\\RoleManagementNode\\logs\\APP_LOGGER.2024-09-20.log",
            "hash": "c2db9cdd4b8c13496f8408b82dbcb3aa2ac75ef5910367cef926f46cffa10d66"
        }
    ],
    "hashType": "sha256"
}