{
    "keep": {
        "days": true,
        "amount": 365
    },
    "auditLog": "D:\\Repos\\laundrez-backend-v2-feature-new-earth-fix-vendor-apis\\logs\\.72837478f30b87de61683c4777d0da101c1143cb-audit.json",
    "files": [
        {
            "date": 1725548716381,
            "name": "D:\\Repos\\laundrez-backend-v2-feature-new-earth-fix-vendor-apis\\logs\\ADMIN_LOGGER.2024-09-05.log",
            "hash": "5a9c33b8ce06883dead24fe331fd685ca554c2f9747c5322c5e635db27cf453c"
        },
        {
            "date": 1725618813598,
            "name": "D:\\Repos\\laundrez-backend-v2-feature-new-earth-fix-vendor-apis\\logs\\ADMIN_LOGGER.2024-09-06.log",
            "hash": "93787b3ae28ecadb4aab6abcc9722e7de9540bb7425138e6a991f7cd56f31607"
        },
        {
            "date": 1725878260567,
            "name": "D:\\Repos\\laundrez-backend-v2-feature-new-earth-fix-vendor-apis\\logs\\ADMIN_LOGGER.2024-09-09.log",
            "hash": "416440dce8209262a326ad2e63b54ebfe916ce2384389c274f9f0f2acf1c5b65"
        },
        {
            "date": 1726142648971,
            "name": "D:\\Repos\\laundrez-backend-v2-feature-new-earth-fix-vendor-apis\\logs\\ADMIN_LOGGER.2024-09-12.log",
            "hash": "a0eb4478605cfb8cb36b20a9e9a51deff1d5788cf1e4a4f9b8846457443b4db4"
        },
        {
            "date": 1726223169842,
            "name": "D:\\Repos\\laundrez-backend-v2-feature-new-earth-fix-vendor-apis\\logs\\ADMIN_LOGGER.2024-09-13.log",
            "hash": "b0755a6c891c66f55ebbae5728e9c701d80ee6ae0b0fa67dcd9571c44b9494e3"
        }
    ],
    "hashType": "sha256"
}