{
    "keep": {
        "days": true,
        "amount": 365
    },
    "auditLog": "D:\\Repos\\RoleManagementNode\\logs\\.ac3bfe8d2ef7527fde784604f3fdf4f017139373-audit.json",
    "files": [
        {
            "date": 1726231889303,
            "name": "D:\\Repos\\RoleManagementNode\\logs\\ADMIN_LOGGER.2024-09-13.log",
            "hash": "6ef1c6ae905b3c0b2c26eadf69857949a690459474fb8688c8927ca50b83b557"
        },
        {
            "date": 1726492247568,
            "name": "D:\\Repos\\RoleManagementNode\\logs\\ADMIN_LOGGER.2024-09-16.log",
            "hash": "b382280613d49f45fae133f0d09406c7d712bb17c29e4fae7ffeea20ead99fe0"
        },
        {
            "date": 1726575107703,
            "name": "D:\\Repos\\RoleManagementNode\\logs\\ADMIN_LOGGER.2024-09-17.log",
            "hash": "22ebf4ba172f65b1faf6400a06a6001a012b92ed54e530c988a05bae68bc948a"
        },
        {
            "date": 1726676774908,
            "name": "D:\\Repos\\RoleManagementNode\\logs\\ADMIN_LOGGER.2024-09-18.log",
            "hash": "1d046e8ef8515cf7992745575ef0cda7fd770bea16b0c1654173a4410e24d657"
        },
        {
            "date": 1726742388806,
            "name": "D:\\Repos\\RoleManagementNode\\logs\\ADMIN_LOGGER.2024-09-19.log",
            "hash": "0c8b724a619afbfdd6816f07d736a69cc5621ed877abecb5709c39de69991b00"
        },
        {
            "date": 1726833668457,
            "name": "D:\\Repos\\RoleManagementNode\\logs\\ADMIN_LOGGER.2024-09-20.log",
            "hash": "19f1f4dc0db52f06fd4e4085b0a8c6c433563796031e62dcea6d2a70d907a734"
        }
    ],
    "hashType": "sha256"
}