{
    "keep": {
        "days": true,
        "amount": 365
    },
    "auditLog": "D:\\Repos\\RoleManagementNode\\logs\\.f12fe02933ff0d28fd65a800d448b4e606d57107-audit.json",
    "files": [
        {
            "date": 1726231889318,
            "name": "D:\\Repos\\RoleManagementNode\\logs\\CONSUMER_LOGGER.2024-09-13.log",
            "hash": "3cc0085e10d82b0b3e7bef2541137065d3a0a8a8e10a840cce5a9872b8a1f9fa"
        },
        {
            "date": 1726492247586,
            "name": "D:\\Repos\\RoleManagementNode\\logs\\CONSUMER_LOGGER.2024-09-16.log",
            "hash": "2d52eea882cf8cabf7ab3d075d5cc008ff0c6383aaaf64962f7bf41932273611"
        },
        {
            "date": 1726575107720,
            "name": "D:\\Repos\\RoleManagementNode\\logs\\CONSUMER_LOGGER.2024-09-17.log",
            "hash": "4b880669c206134edbbaa42df49cdb3b271fe98c151a149095b26e2336178513"
        },
        {
            "date": 1726676774935,
            "name": "D:\\Repos\\RoleManagementNode\\logs\\CONSUMER_LOGGER.2024-09-18.log",
            "hash": "ab9e7380d304cb2247a602938d032df939408b487023f1a93f5e08b97b73b779"
        },
        {
            "date": 1726742388822,
            "name": "D:\\Repos\\RoleManagementNode\\logs\\CONSUMER_LOGGER.2024-09-19.log",
            "hash": "aed8a2d9771bd3c9d5e68f3aaa719d8b8162ea29eca2975a6e315e8b7a7f1b68"
        },
        {
            "date": 1726833668473,
            "name": "D:\\Repos\\RoleManagementNode\\logs\\CONSUMER_LOGGER.2024-09-20.log",
            "hash": "88bce87e7a15740d9b674baf5e40deddf9fc8c9f44b2092923d64b8894d65568"
        }
    ],
    "hashType": "sha256"
}