{
    "keep": {
        "days": true,
        "amount": 365
    },
    "auditLog": "D:\\Repos\\RoleManagementNode\\logs\\.f21f3abbd2fafec2c30f1c5b3c09ccadbfc53647-audit.json",
    "files": [
        {
            "date": 1726231889314,
            "name": "D:\\Repos\\RoleManagementNode\\logs\\SYSTEM_LOGGER.2024-09-13.log",
            "hash": "98be1c493ff57299c7052fa7271f7f5d89bebe0470968adb5806ab18997573b5"
        },
        {
            "date": 1726492247581,
            "name": "D:\\Repos\\RoleManagementNode\\logs\\SYSTEM_LOGGER.2024-09-16.log",
            "hash": "710c840305638b60b27c1bef5a3c28f3016af7ff42648345902363c2e05e4057"
        },
        {
            "date": 1726575107717,
            "name": "D:\\Repos\\RoleManagementNode\\logs\\SYSTEM_LOGGER.2024-09-17.log",
            "hash": "7a51623f151e1490163913c5063ab1a29351970d362f62ab58858954c62e32e8"
        },
        {
            "date": 1726676774930,
            "name": "D:\\Repos\\RoleManagementNode\\logs\\SYSTEM_LOGGER.2024-09-18.log",
            "hash": "b852ef21d3ea76c267909a6ac90c24f1bb3655240ef21ff5d46d2052a08c6724"
        },
        {
            "date": 1726742388819,
            "name": "D:\\Repos\\RoleManagementNode\\logs\\SYSTEM_LOGGER.2024-09-19.log",
            "hash": "f0004d960d48cb134f4ea121058aa3c20c68583edae5d3fd0e8188571a94f5fe"
        },
        {
            "date": 1726833668469,
            "name": "D:\\Repos\\RoleManagementNode\\logs\\SYSTEM_LOGGER.2024-09-20.log",
            "hash": "787edab451b6bcd8fc64d48565efe7a0ec03c5eaa634b451eea3986ad5f45d68"
        }
    ],
    "hashType": "sha256"
}